-- phpMyAdmin SQL Dump
-- version 4.5.1
-- http://www.phpmyadmin.net
--
-- Servidor: 127.0.0.1
-- Tiempo de generación: 20-06-2017 a las 13:19:59
-- Versión del servidor: 10.1.19-MariaDB
-- Versión de PHP: 7.0.9

SET SQL_MODE = "NO_AUTO_VALUE_ON_ZERO";
SET time_zone = "+00:00";


/*!40101 SET @OLD_CHARACTER_SET_CLIENT=@@CHARACTER_SET_CLIENT */;
/*!40101 SET @OLD_CHARACTER_SET_RESULTS=@@CHARACTER_SET_RESULTS */;
/*!40101 SET @OLD_COLLATION_CONNECTION=@@COLLATION_CONNECTION */;
/*!40101 SET NAMES utf8mb4 */;

--
-- Base de datos: `vidasostenible`
--

-- --------------------------------------------------------

--
-- Estructura de tabla para la tabla `bloques`
--

CREATE TABLE `bloques` (
  `id_bloque` int(100) NOT NULL,
  `categoria` varchar(100) COLLATE utf8_spanish_ci NOT NULL
) ENGINE=InnoDB DEFAULT CHARSET=utf8 COLLATE=utf8_spanish_ci;

--
-- Volcado de datos para la tabla `bloques`
--

INSERT INTO `bloques` (`id_bloque`, `categoria`) VALUES
(1, 'General'),
(2, 'Energia'),
(3, 'Transporte'),
(4, 'Agua'),
(5, 'Materiales');

-- --------------------------------------------------------

--
-- Estructura de tabla para la tabla `dependenciapregunta_respuesta`
--

CREATE TABLE `dependenciapregunta_respuesta` (
  `id_Pregunta` int(11) NOT NULL,
  `id_Respuesta` int(11) NOT NULL,
  `id` int(11) NOT NULL
) ENGINE=InnoDB DEFAULT CHARSET=latin1;

--
-- Volcado de datos para la tabla `dependenciapregunta_respuesta`
--

INSERT INTO `dependenciapregunta_respuesta` (`id_Pregunta`, `id_Respuesta`, `id`) VALUES
(24, 19, 1),
(27, 19, 2),
(45, 20, 3),
(25, 19, 4),
(33, 170, 5),
(34, 170, 6),
(35, 170, 10),
(36, 170, 11);

-- --------------------------------------------------------

--
-- Estructura de tabla para la tabla `nacionalidadespanola`
--

CREATE TABLE `nacionalidadespanola` (
  `Provincia` varchar(255) NOT NULL,
  `id_provincia` int(11) NOT NULL
) ENGINE=InnoDB DEFAULT CHARSET=latin1;

--
-- Volcado de datos para la tabla `nacionalidadespanola`
--

INSERT INTO `nacionalidadespanola` (`Provincia`, `id_provincia`) VALUES
('Andalucía', 1),
('Aragón', 2),
('Principado de Asturias', 3),
('Illes Balears', 4),
('Canarias', 5),
('Cantabria', 6),
('Castilla y León', 7),
('Castilla - La Mancha', 8),
('Cataluña', 9),
('Comunitat Valenciana', 10),
('Extremadura', 11),
('Galicia', 12),
('Comunidad de Madrid ', 13),
('Región de Murcia', 14),
('Comunidad Foral de Navarra', 15),
('País Vasco', 16),
('La Rioja', 17),
('Ceuta', 18),
('Melilla', 19),
('Soria', 20),
('Navarra', 21);

-- --------------------------------------------------------

--
-- Estructura de tabla para la tabla `persona`
--

CREATE TABLE `persona` (
  `id_persona` int(100) NOT NULL,
  `pais` enum('Eslovenia','España','Estados Unidos','Estonia','Etiopía','Filipinas','Finlandia','Fiyi','Francia','Gabón','Gambia','Georgia','Ghana','Granada','Grecia','Guatemala','Guinea','Guinea Ecuatorial','Guinea-Bisáu','Guyana','Haití','Honduras','Hungría','India','Indonesia','Irak','Irán','Irlanda','Islandia','Islas Marshall','Islas Salomón','Israel','Italia','Jamaica','Japón','Jordania','Kazajistán','Kenia','Kirguistán','Kiribati','Kosovo','Kuwait','Laos','Lesoto','Letonia','Líbano','Liberia','Libia','Liechtenstein','Lituania','Luxemburgo','Macedonia','Madagascar','Malasia','Malaui','Maldivas','Malí','Malta','Marruecos','Mauricio','Mauritania','México','Micronesia','Moldavia','Mónaco','Mongolia','Montenegro','Mozambique','Namibia','Nauru','Nepal','Nicaragua','Níger','Nigeria','Noruega','Nueva Zelanda','Omán','Países Bajos','Pakistán','Palaos','Palestina','Panamá','Papúa Nueva Guinea','Paraguay','Perú','Polonia','Portugal','Reino Unido','República Centroafricana','República Checa','República Democrática del Congo','República Dominicana','Ruanda','Rumania','Rusia','Samoa','San Cristóbal y Nieves','San Marino','San Vicente y las Granadinas','Santa Lucía','Santo Tomé y Príncipe','Senegal','Serbia','Seychelles','Sierra Leona','Singapur','Siria','Somalia','Sri Lanka','Suazilandia','Sudáfrica','Sudán','Sudán del Sur','Suecia','Suiza','Surinam','Tailandia','Taiwán','Tanzania','Tayikistán','Timor Oriental','Togo','Tonga','Trinidad y Tobago','Túnez','Turkmenistán','Turquía','Tuvalu','Ucrania','Uganda','Uruguay','Uzbekistán','Vanuatu','Vaticano','Venezuela','Vietnam','Yemen','Yibuti','Zambia','Zimbabue') COLLATE utf8_spanish_ci NOT NULL,
  `edad` enum('Menos de 16 años','Entre 17 y 36','Entre 37 y 56','Entre 57 a 76','Más de 76') COLLATE utf8_spanish_ci NOT NULL,
  `domicilio` enum('Un chalet o vivienda aislada','Un adosado','Una vivienda en un bloque de pisos') COLLATE utf8_spanish_ci NOT NULL,
  `n_familiares` enum('Una','Dos','Tres','Más tres') COLLATE utf8_spanish_ci NOT NULL,
  `m2_vivienda` enum('Menos de 60 m2','Entre 61 y 120 m2','Más de 121 m2') COLLATE utf8_spanish_ci NOT NULL,
  `Nivel_Ingresos` enum('Hasta 5.000 € / $us','Entre 5.000 y 10.000 € / $us','Entre 10.000 y 20.000 € / $us','Entre 20.000 y 40.000 € / $us','Más 40.000 € / $us') COLLATE utf8_spanish_ci NOT NULL,
  `Nivel_de_estudios` enum('Ninguno','Primer Grado','Segundo Grado','Tercer Grado') COLLATE utf8_spanish_ci NOT NULL,
  `Ambito_y_titulacion` enum('Artes y Humanidades','Ciencias e Ingeniería','Ciencias de la Salud','Ciencias Sociales y Jurídicas','Otros') COLLATE utf8_spanish_ci NOT NULL,
  `CCAA` enum('Comunidad de Madrid','Barcelona','Málaga','') COLLATE utf8_spanish_ci NOT NULL
) ENGINE=InnoDB DEFAULT CHARSET=utf8 COLLATE=utf8_spanish_ci;

--
-- Volcado de datos para la tabla `persona`
--

INSERT INTO `persona` (`id_persona`, `pais`, `edad`, `domicilio`, `n_familiares`, `m2_vivienda`, `Nivel_Ingresos`, `Nivel_de_estudios`, `Ambito_y_titulacion`, `CCAA`) VALUES
(10, 'España', 'Entre 57 a 76', 'Una vivienda en un bloque de pisos', 'Dos', 'Menos de 60 m2', 'Entre 5.000 y 10.000 € / $us', 'Segundo Grado', 'Otros', 'Comunidad de Madrid'),
(11, 'España', 'Entre 57 a 76', 'Un chalet o vivienda aislada', 'Una', 'Entre 61 y 120 m2', 'Entre 5.000 y 10.000 € / $us', 'Primer Grado', 'Otros', 'Comunidad de Madrid'),
(12, 'España', 'Entre 17 y 36', 'Un adosado', 'Tres', 'Entre 61 y 120 m2', 'Más 40.000 € / $us', 'Tercer Grado', 'Ciencias e Ingeniería', 'Comunidad de Madrid'),
(13, 'España', 'Entre 17 y 36', 'Un adosado', 'Más tres', 'Entre 61 y 120 m2', 'Más 40.000 € / $us', 'Tercer Grado', 'Ciencias e Ingeniería', 'Comunidad de Madrid'),
(14, 'España', 'Entre 57 a 76', 'Un chalet o vivienda aislada', 'Más tres', 'Más de 121 m2', 'Más 40.000 € / $us', 'Segundo Grado', 'Ciencias e Ingeniería', 'Comunidad de Madrid'),
(15, 'España', 'Más de 76', 'Un chalet o vivienda aislada', 'Dos', 'Entre 61 y 120 m2', 'Entre 5.000 y 10.000 € / $us', 'Primer Grado', 'Otros', 'Comunidad de Madrid'),
(16, 'España', 'Entre 37 y 56', 'Un chalet o vivienda aislada', 'Dos', 'Menos de 60 m2', 'Entre 10.000 y 20.000 € / $us', 'Tercer Grado', 'Ciencias de la Salud', 'Comunidad de Madrid'),
(17, '', '', '', '', '', '', '', '', ''),
(18, '', '', '', '', '', '', '', '', ''),
(19, '', '', '', '', '', '', '', '', ''),
(20, '', '', '', '', '', '', '', '', ''),
(21, '', '', '', '', '', '', '', '', ''),
(22, '', '', '', '', '', '', '', '', ''),
(23, '', '', '', '', '', '', '', '', ''),
(24, '', '', '', '', '', '', '', '', ''),
(25, '', '', '', '', '', '', '', '', ''),
(26, '', '', '', '', '', '', '', '', ''),
(27, '', '', '', '', '', '', '', '', ''),
(28, '', '', '', '', '', '', '', '', ''),
(29, '', '', '', '', '', '', '', '', ''),
(30, '', '', '', '', '', '', '', '', ''),
(31, '', '', '', '', '', '', '', '', ''),
(32, '', '', '', '', '', '', '', '', ''),
(33, '', '', '', '', '', '', '', '', ''),
(34, '', '', '', '', '', '', '', '', ''),
(35, '', '', '', '', '', '', '', '', ''),
(36, '', '', '', '', '', '', '', '', ''),
(37, '', '', '', '', '', '', '', '', ''),
(38, '', '', '', '', '', '', '', '', ''),
(39, '', '', '', '', '', '', '', '', ''),
(40, '', '', '', '', '', '', '', '', ''),
(41, '', '', '', '', '', '', '', '', ''),
(42, '', '', '', '', '', '', '', '', ''),
(43, '', '', '', '', '', '', '', '', ''),
(44, '', '', '', '', '', '', '', '', ''),
(45, '', '', '', '', '', '', '', '', ''),
(46, '', '', '', '', '', '', '', '', ''),
(47, '', '', '', '', '', '', '', '', ''),
(48, '', '', '', '', '', '', '', '', ''),
(49, '', '', '', '', '', '', '', '', ''),
(50, '', '', '', '', '', '', '', '', ''),
(51, '', '', '', '', '', '', '', '', ''),
(52, '', '', '', '', '', '', '', '', ''),
(53, '', '', '', '', '', '', '', '', ''),
(54, '', '', '', '', '', '', '', '', ''),
(55, '', '', '', '', '', '', '', '', ''),
(56, '', '', '', '', '', '', '', '', ''),
(57, '', '', '', '', '', '', '', '', ''),
(58, '', '', '', '', '', '', '', '', ''),
(59, '', '', '', '', '', '', '', '', ''),
(60, '', '', '', '', '', '', '', '', ''),
(61, '', '', '', '', '', '', '', '', ''),
(62, '', '', '', '', '', '', '', '', ''),
(63, '', '', '', '', '', '', '', '', ''),
(64, '', '', '', '', '', '', '', '', ''),
(65, '', '', '', '', '', '', '', '', ''),
(66, '', '', '', '', '', '', '', '', ''),
(67, '', '', '', '', '', '', '', '', ''),
(68, '', '', '', '', '', '', '', '', ''),
(69, '', '', '', '', '', '', '', '', ''),
(70, '', '', '', '', '', '', '', '', ''),
(71, '', '', '', '', '', '', '', '', ''),
(72, '', '', '', '', '', '', '', '', ''),
(73, '', '', '', '', '', '', '', '', ''),
(74, '', '', '', '', '', '', '', '', ''),
(75, '', '', '', '', '', '', '', '', ''),
(76, '', '', '', '', '', '', '', '', ''),
(77, '', '', '', '', '', '', '', '', ''),
(78, '', '', '', '', '', '', '', '', ''),
(79, 'España', 'Entre 57 a 76', 'Una vivienda en un bloque de pisos', 'Dos', 'Menos de 60 m2', 'Entre 5.000 y 10.000 € / $us', 'Segundo Grado', 'Otros', 'Comunidad de Madrid'),
(80, 'España', 'Entre 57 a 76', 'Una vivienda en un bloque de pisos', 'Dos', 'Menos de 60 m2', 'Entre 5.000 y 10.000 € / $us', 'Segundo Grado', 'Otros', 'Comunidad de Madrid'),
(81, '', '', '', '', '', '', '', '', ''),
(82, '', '', '', '', '', '', '', '', ''),
(83, '', '', '', '', '', '', '', '', ''),
(84, 'Francia', '', '', '', '', '', '', '', ''),
(85, '', '', '', '', '', '', '', '', ''),
(86, '', '', '', '', '', '', '', '', ''),
(87, '', '', '', '', '', '', '', '', ''),
(88, '', '', '', '', '', '', '', '', '');

-- --------------------------------------------------------

--
-- Estructura de tabla para la tabla `preguntas`
--

CREATE TABLE `preguntas` (
  `id_pregunta` int(100) NOT NULL,
  `enunciado` varchar(500) COLLATE utf8_spanish_ci NOT NULL,
  `id_bloque` int(100) NOT NULL,
  `Obligatoria` tinyint(1) NOT NULL,
  `Multirespuesta` tinyint(1) NOT NULL,
  `selector` enum('checkbox','radio-buttons','select','range') COLLATE utf8_spanish_ci NOT NULL,
  `orden` int(11) NOT NULL
) ENGINE=InnoDB DEFAULT CHARSET=utf8 COLLATE=utf8_spanish_ci;

--
-- Volcado de datos para la tabla `preguntas`
--

INSERT INTO `preguntas` (`id_pregunta`, `enunciado`, `id_bloque`, `Obligatoria`, `Multirespuesta`, `selector`, `orden`) VALUES
(6, '¿Cuántos elementos de calefacción tienes en casa?', 2, 1, 0, 'radio-buttons', 9),
(7, ' ¿Tienes una instalación de aire acondicionado?', 2, 1, 0, 'radio-buttons', 13),
(8, 'Si tienes calefacción y/o aire acondicionado y puedes regular la\ntemperatura a voluntad, ¿Cuál es tu estilo de uso de la climatización? Me gusta estar bien calentito en invierno y casi helado en verano (posición 1) y Uso la calefacción y el aire acondicionado con mucha moderación, no más de 20ºC en invierno y no menos de de 26ºC en verano (posición 5).\n', 2, 0, 0, 'select', 15),
(9, '¿Tienes dobles ventanas o ventanas con doble cristal?', 2, 1, 0, 'radio-buttons', 16),
(10, '¿Tienes algún electrodoméstico con etiqueta energética "A" (o\nsuperior, A+, A++, A+++)\n?', 2, 1, 0, 'radio-buttons', 17),
(11, ' ¿Qué vehículos usas por lo general para tus desplazamientos? (Marca\nmás de uno si es necesario)', 3, 1, 1, 'checkbox', 18),
(12, '¿Cuánto tiempo tardas en desplazarte a tu trabajo o tu centro\r\neducativo? Si marcaste varias opciones en la pregunta anterior, señala el\r\ntiempo que tardas en la opción más rápida)\r', 3, 1, 0, 'select', 19),
(13, '¿Con qué frecuencia haces la compra? Todos los días (posición 1) y Una vez al mes o menos (posición 5).', 3, 1, 0, 'select', 24),
(14, '¿Cuál es tu relación con las plantas?', 4, 1, 0, 'select', 25),
(15, 'Si tienes muchas plantas para regar, ¿empleas algún sistema de riego economizador?\n(es decir, riego por goteo, hidromacetas, temporizador, etc.)', 4, 1, 0, 'radio-buttons', 26),
(16, '¿Cuántos elementos economizadores de agua hay instalados en la fontanería de tu\r\ncasa? (doble tecla en WC, botón de parada a voluntad, perlizadores o aeradores en\r\ngrifos, etc.)\r', 4, 1, 0, 'select', 27),
(17, '¿Intentas evitar la compra de productos marcados con estas indicaciones?', 5, 1, 0, 'radio-buttons', 28),
(18, '¿Cuál es tu relación con la carne? Soy fanático de los chuletones (posición 1) y Soy vegano (Posición 5).', 5, 1, 0, 'select', 29),
(19, '¿Hay alguna de estas cosas en tu domicilio?\nUn sitio para guardar el papel y cartón desechado\nUn cubo para botellas y frascos de vidrio vacíos\nUn cubo o bolsa para meter las latas, bricks y envases de plástico usados\nUn lugar para medicamentos caducados, pilas gastadas, etc.', 5, 1, 0, 'select', 30),
(20, '¿Cómo sueles comprar los alimentos? Compro alimentos frescos y a granel (Posición 1) y Compro comida procesada y empaquetada (Posición 5).', 5, 1, 0, 'select', 31),
(24, '¿Tu sistema de calefacción es central o individual?', 2, 0, 0, 'radio-buttons', 10),
(25, 'Marca el número de radiadores:', 2, 0, 0, 'select', 11),
(27, 'Si tienes, marca los meses en que tienes encendida la calefacción.', 2, 0, 1, 'checkbox', 12),
(33, 'Si tienes coche ¿cómo es de grande? Teniendo en cuenta que la posición 1 "Es un utilitario muy pequeño" y la 5 "Es un SUV o todocamino de los grandes"', 3, 0, 0, 'select', 20),
(34, 'Marca esta casilla si tu vehículo es eléctrico o híbrido', 3, 0, 0, 'checkbox', 21),
(35, 'Marca esta casilla si compraste tu coche hace más de diez años.', 3, 0, 0, 'checkbox', 22),
(36, '¿Vas solo en tu coche? Siempre (Posición 1) y Nunca (Posición 5)', 3, 0, 0, 'select', 23),
(45, 'Si tienes, marca los meses en los que utilizas el aire acondicionado.', 2, 0, 1, 'checkbox', 14);

-- --------------------------------------------------------

--
-- Estructura de tabla para la tabla `relacion_persona_respuesta`
--

CREATE TABLE `relacion_persona_respuesta` (
  `id_persona` int(11) NOT NULL,
  `id_respuesta` int(11) NOT NULL,
  `id` int(11) NOT NULL
) ENGINE=InnoDB DEFAULT CHARSET=utf8 COLLATE=utf8_spanish_ci;

--
-- Volcado de datos para la tabla `relacion_persona_respuesta`
--

INSERT INTO `relacion_persona_respuesta` (`id_persona`, `id_respuesta`, `id`) VALUES
(10, 17, 41),
(10, 222, 42),
(10, 71, 43),
(10, 79, 44),
(10, 80, 45),
(10, 81, 46),
(10, 82, 47),
(10, 83, 48),
(10, 21, 49),
(10, 166, 50),
(10, 87, 51),
(10, 27, 52),
(10, 173, 53),
(10, 182, 54),
(10, 187, 55),
(10, 192, 56),
(10, 203, 57),
(10, 208, 58),
(10, 210, 59),
(10, 215, 60),
(10, 218, 61),
(11, 18, 79),
(11, 21, 80),
(11, 88, 81),
(11, 28, 82),
(11, 170, 83),
(11, 181, 84),
(11, 114, 85),
(11, 117, 86),
(11, 187, 87),
(11, 194, 88),
(11, 197, 89),
(11, 204, 90),
(11, 208, 91),
(11, 210, 92),
(11, 216, 93),
(11, 217, 94),
(12, 19, 95),
(12, 69, 96),
(12, 72, 97),
(12, 79, 98),
(12, 80, 99),
(12, 81, 100),
(12, 82, 101),
(12, 83, 102),
(12, 20, 103),
(12, 159, 104),
(12, 160, 105),
(12, 165, 106),
(12, 87, 107),
(12, 27, 108),
(12, 170, 109),
(12, 183, 110),
(12, 111, 111),
(12, 118, 112),
(12, 187, 113),
(12, 194, 114),
(12, 196, 115),
(12, 205, 116),
(12, 206, 117),
(12, 210, 118),
(12, 216, 119),
(12, 218, 120),
(13, 19, 121),
(13, 69, 122),
(13, 72, 123),
(13, 79, 124),
(13, 80, 125),
(13, 81, 126),
(13, 82, 127),
(13, 83, 128),
(13, 20, 129),
(13, 159, 130),
(13, 160, 131),
(13, 166, 132),
(13, 87, 133),
(13, 27, 134),
(13, 170, 135),
(13, 182, 136),
(13, 111, 137),
(13, 115, 138),
(13, 117, 139),
(13, 187, 140),
(13, 193, 141),
(13, 196, 142),
(13, 205, 143),
(13, 206, 144),
(13, 210, 145),
(13, 216, 146),
(13, 218, 147),
(14, 69, 148),
(14, 19, 149),
(14, 72, 150),
(14, 78, 151),
(14, 79, 152),
(14, 80, 153),
(14, 81, 154),
(14, 82, 155),
(14, 83, 156),
(14, 84, 157),
(14, 21, 158),
(14, 87, 160),
(14, 27, 161),
(14, 170, 162),
(14, 182, 163),
(14, 114, 164),
(14, 117, 165),
(14, 187, 166),
(14, 195, 167),
(14, 196, 168),
(14, 205, 169),
(14, 206, 170),
(14, 210, 171),
(14, 216, 172),
(14, 218, 173),
(15, 18, 174),
(15, 21, 175),
(15, 166, 176),
(15, 88, 177),
(15, 29, 178),
(15, 175, 179),
(15, 186, 180),
(15, 193, 181),
(15, 197, 182),
(15, 204, 183),
(15, 208, 184),
(15, 213, 185),
(15, 215, 186),
(15, 218, 187),
(14, 166, 188),
(16, 17, 203),
(16, 21, 204),
(16, 87, 205),
(16, 27, 206),
(16, 175, 207),
(16, 181, 208),
(16, 186, 209),
(16, 191, 210),
(16, 205, 211),
(16, 206, 212),
(16, 213, 213),
(16, 216, 214),
(16, 217, 215),
(19, 18, 216),
(19, 70, 217),
(19, 20, 218),
(19, 153, 219),
(19, 154, 220),
(19, 165, 221),
(19, 87, 222),
(19, 27, 223),
(19, 170, 224),
(19, 171, 225),
(19, 181, 226),
(19, 110, 227),
(19, 117, 228),
(19, 186, 229),
(19, 191, 230),
(19, 203, 231),
(19, 206, 232),
(19, 209, 233),
(19, 214, 234),
(19, 217, 235),
(20, 18, 236),
(20, 70, 237),
(20, 20, 238),
(20, 153, 239),
(20, 154, 240),
(20, 165, 241),
(20, 87, 242),
(20, 27, 243),
(20, 170, 244),
(20, 171, 245),
(20, 181, 246),
(20, 110, 247),
(20, 117, 248),
(20, 186, 249),
(20, 191, 250),
(20, 203, 251),
(20, 206, 252),
(20, 209, 253),
(20, 214, 254),
(20, 217, 255),
(21, 18, 256),
(21, 70, 257),
(21, 20, 258),
(21, 153, 259),
(21, 154, 260),
(21, 165, 261),
(21, 87, 262),
(21, 27, 263),
(21, 170, 264),
(21, 171, 265),
(21, 181, 266),
(21, 110, 267),
(21, 117, 268),
(21, 186, 269),
(21, 191, 270),
(21, 203, 271),
(21, 206, 272),
(21, 209, 273),
(21, 214, 274),
(21, 217, 275),
(22, 18, 276),
(22, 70, 277),
(22, 20, 278),
(22, 153, 279),
(22, 154, 280),
(22, 165, 281),
(22, 87, 282),
(22, 27, 283),
(22, 170, 284),
(22, 171, 285),
(22, 181, 286),
(22, 110, 287),
(22, 117, 288),
(22, 186, 289),
(22, 191, 290),
(22, 203, 291),
(22, 206, 292),
(22, 209, 293),
(22, 214, 294),
(22, 217, 295),
(23, 18, 296),
(23, 70, 297),
(23, 20, 298),
(23, 153, 299),
(23, 154, 300),
(23, 165, 301),
(23, 87, 302),
(23, 27, 303),
(23, 170, 304),
(23, 171, 305),
(23, 181, 306),
(23, 110, 307),
(23, 117, 308),
(23, 186, 309),
(23, 191, 310),
(23, 203, 311),
(23, 206, 312),
(23, 209, 313),
(23, 214, 314),
(23, 217, 315),
(31, 70, 316),
(31, 20, 317),
(31, 165, 318),
(31, 181, 319),
(31, 110, 320),
(31, 117, 321),
(31, 186, 322),
(31, 191, 323),
(31, 203, 324),
(31, 209, 325),
(31, 214, 326),
(31, 217, 327),
(32, 17, 328),
(32, 70, 329),
(32, 21, 330),
(32, 165, 331),
(32, 88, 332),
(32, 28, 333),
(32, 170, 334),
(32, 181, 335),
(32, 110, 336),
(32, 115, 337),
(32, 116, 338),
(32, 117, 339),
(32, 186, 340),
(32, 191, 341),
(32, 203, 342),
(32, 207, 343),
(32, 209, 344),
(32, 214, 345),
(32, 217, 346),
(33, 17, 347),
(33, 70, 348),
(33, 21, 349),
(33, 165, 350),
(33, 88, 351),
(33, 28, 352),
(33, 170, 353),
(33, 181, 354),
(33, 110, 355),
(33, 115, 356),
(33, 116, 357),
(33, 117, 358),
(33, 186, 359),
(33, 191, 360),
(33, 203, 361),
(33, 207, 362),
(33, 209, 363),
(33, 214, 364),
(33, 217, 365),
(34, 17, 366),
(34, 70, 367),
(34, 21, 368),
(34, 165, 369),
(34, 88, 370),
(34, 28, 371),
(34, 170, 372),
(34, 181, 373),
(34, 110, 374),
(34, 115, 375),
(34, 116, 376),
(34, 117, 377),
(34, 186, 378),
(34, 191, 379),
(34, 203, 380),
(34, 207, 381),
(34, 209, 382),
(34, 214, 383),
(34, 217, 384),
(35, 70, 385),
(35, 165, 386),
(35, 181, 387),
(35, 110, 388),
(35, 117, 389),
(35, 186, 390),
(35, 191, 391),
(35, 203, 392),
(35, 209, 393),
(35, 214, 394),
(35, 217, 395),
(36, 70, 396),
(36, 165, 397),
(36, 181, 398),
(36, 110, 399),
(36, 117, 400),
(36, 186, 401),
(36, 191, 402),
(36, 203, 403),
(36, 209, 404),
(36, 214, 405),
(36, 217, 406),
(37, 70, 407),
(37, 165, 408),
(37, 181, 409),
(37, 110, 410),
(37, 117, 411),
(37, 186, 412),
(37, 191, 413),
(37, 203, 414),
(37, 209, 415),
(37, 214, 416),
(37, 217, 417),
(38, 70, 418),
(39, 70, 419),
(38, 165, 420),
(39, 165, 421),
(38, 181, 422),
(39, 181, 423),
(38, 110, 424),
(39, 110, 425),
(38, 117, 426),
(39, 117, 427),
(38, 186, 428),
(40, 70, 429),
(38, 191, 430),
(39, 186, 431),
(40, 165, 432),
(38, 203, 433),
(40, 181, 434),
(39, 191, 435),
(38, 209, 436),
(40, 110, 437),
(39, 203, 438),
(38, 214, 439),
(40, 117, 440),
(39, 209, 441),
(38, 217, 442),
(40, 186, 443),
(39, 214, 444),
(40, 191, 445),
(39, 217, 446),
(40, 203, 447),
(40, 209, 448),
(40, 214, 449),
(40, 217, 450),
(41, 70, 451),
(41, 165, 452),
(41, 181, 453),
(41, 110, 454),
(41, 117, 455),
(41, 186, 456),
(41, 191, 457),
(41, 203, 458),
(41, 209, 459),
(41, 214, 460),
(41, 217, 461),
(42, 70, 462),
(42, 165, 463),
(42, 181, 464),
(42, 110, 465),
(42, 117, 466),
(42, 186, 467),
(42, 191, 468),
(42, 203, 469),
(42, 209, 470),
(42, 214, 471),
(42, 217, 472),
(43, 70, 473),
(43, 165, 474),
(43, 181, 475),
(43, 110, 476),
(43, 117, 477),
(43, 186, 478),
(43, 191, 479),
(43, 203, 480),
(43, 209, 481),
(43, 214, 482),
(43, 217, 483),
(44, 70, 484),
(44, 165, 485),
(44, 181, 486),
(44, 110, 487),
(44, 117, 488),
(44, 186, 489),
(44, 191, 490),
(44, 203, 491),
(44, 209, 492),
(44, 214, 493),
(44, 217, 494),
(45, 70, 495),
(45, 165, 496),
(45, 181, 497),
(45, 110, 498),
(45, 117, 499),
(45, 186, 500),
(45, 191, 501),
(45, 203, 502),
(45, 209, 503),
(45, 214, 504),
(45, 217, 505),
(46, 70, 506),
(46, 165, 507),
(46, 181, 508),
(46, 110, 509),
(46, 117, 510),
(46, 186, 511),
(46, 191, 512),
(46, 203, 513),
(46, 209, 514),
(46, 214, 515),
(46, 217, 516),
(47, 70, 517),
(47, 165, 518),
(47, 181, 519),
(47, 110, 520),
(47, 117, 521),
(47, 186, 522),
(47, 191, 523),
(47, 203, 524),
(47, 209, 525),
(47, 214, 526),
(47, 217, 527),
(48, 70, 528),
(48, 165, 529),
(48, 181, 530),
(48, 110, 531),
(48, 117, 532),
(48, 186, 533),
(48, 191, 534),
(48, 203, 535),
(48, 209, 536),
(48, 214, 537),
(48, 217, 538),
(49, 70, 539),
(49, 165, 540),
(49, 181, 541),
(49, 110, 542),
(49, 117, 543),
(49, 186, 544),
(49, 191, 545),
(49, 203, 546),
(49, 209, 547),
(49, 214, 548),
(49, 217, 549),
(50, 70, 550),
(50, 165, 551),
(50, 181, 552),
(50, 110, 553),
(50, 117, 554),
(50, 186, 555),
(50, 191, 556),
(50, 203, 557),
(50, 209, 558),
(50, 214, 559),
(50, 217, 560),
(51, 70, 561),
(51, 165, 562),
(51, 181, 563),
(51, 110, 564),
(51, 117, 565),
(51, 186, 566),
(51, 191, 567),
(51, 203, 568),
(51, 209, 569),
(51, 214, 570),
(51, 217, 571),
(52, 70, 572),
(52, 165, 573),
(52, 181, 574),
(52, 110, 575),
(52, 117, 576),
(52, 186, 577),
(52, 191, 578),
(52, 203, 579),
(52, 209, 580),
(52, 214, 581),
(52, 217, 582),
(53, 70, 583),
(53, 165, 584),
(53, 181, 585),
(53, 110, 586),
(53, 117, 587),
(53, 186, 588),
(53, 191, 589),
(53, 203, 590),
(53, 209, 591),
(53, 214, 592),
(53, 217, 593),
(54, 70, 594),
(54, 165, 595),
(54, 181, 596),
(54, 110, 597),
(54, 117, 598),
(54, 186, 599),
(54, 191, 600),
(54, 203, 601),
(54, 207, 602),
(54, 209, 603),
(54, 214, 604),
(54, 217, 605),
(55, 18, 606),
(55, 70, 607),
(55, 20, 608),
(55, 153, 609),
(55, 155, 610),
(55, 168, 611),
(55, 87, 612),
(55, 28, 613),
(55, 170, 614),
(55, 183, 615),
(55, 112, 616),
(55, 115, 617),
(55, 117, 618),
(55, 187, 619),
(55, 192, 620),
(55, 196, 621),
(55, 205, 622),
(55, 206, 623),
(55, 210, 624),
(55, 215, 625),
(55, 218, 626),
(56, 70, 627),
(56, 165, 628),
(56, 181, 629),
(56, 110, 630),
(56, 117, 631),
(56, 186, 632),
(56, 191, 633),
(56, 203, 634),
(56, 209, 635),
(56, 214, 636),
(56, 217, 637),
(57, 18, 638),
(57, 70, 639),
(57, 20, 640),
(57, 157, 641),
(57, 165, 642),
(57, 88, 643),
(57, 28, 644),
(57, 171, 645),
(57, 181, 646),
(57, 110, 647),
(57, 117, 648),
(57, 186, 649),
(57, 192, 650),
(57, 197, 651),
(57, 203, 652),
(57, 207, 653),
(57, 209, 654),
(57, 214, 655),
(57, 217, 656),
(58, 18, 657),
(58, 70, 658),
(58, 20, 659),
(58, 157, 660),
(58, 165, 661),
(58, 88, 662),
(58, 28, 663),
(58, 171, 664),
(58, 181, 665),
(58, 110, 666),
(58, 117, 667),
(58, 186, 668),
(58, 192, 669),
(58, 197, 670),
(58, 203, 671),
(58, 207, 672),
(58, 209, 673),
(58, 214, 674),
(58, 217, 675),
(59, 70, 676),
(59, 165, 677),
(59, 181, 678),
(59, 110, 679),
(59, 117, 680),
(59, 186, 681),
(59, 191, 682),
(59, 203, 683),
(59, 209, 684),
(59, 214, 685),
(59, 217, 686),
(60, 17, 687),
(60, 222, 688),
(60, 70, 689),
(60, 75, 690),
(60, 165, 691),
(60, 88, 692),
(60, 28, 693),
(60, 175, 694),
(60, 181, 695),
(60, 110, 696),
(60, 117, 697),
(60, 186, 698),
(60, 191, 699),
(60, 203, 700),
(60, 208, 701),
(60, 209, 702),
(60, 214, 703),
(60, 217, 704),
(61, 70, 705),
(61, 165, 706),
(61, 181, 707),
(61, 110, 708),
(61, 117, 709),
(61, 186, 710),
(61, 191, 711),
(61, 203, 712),
(61, 209, 713),
(61, 214, 714),
(61, 217, 715),
(62, 19, 716),
(62, 69, 717),
(62, 72, 718),
(62, 80, 719),
(62, 82, 720),
(62, 83, 721),
(62, 84, 722),
(62, 85, 723),
(62, 20, 724),
(62, 153, 725),
(62, 156, 726),
(62, 158, 727),
(62, 161, 728),
(62, 162, 729),
(62, 166, 730),
(62, 87, 731),
(62, 27, 732),
(62, 170, 733),
(62, 182, 734),
(62, 112, 735),
(62, 115, 736),
(62, 116, 737),
(62, 118, 738),
(62, 188, 739),
(62, 193, 740),
(62, 205, 741),
(62, 206, 742),
(62, 209, 743),
(62, 216, 744),
(62, 217, 745),
(63, 70, 746),
(63, 165, 747),
(63, 181, 748),
(63, 110, 749),
(63, 117, 750),
(63, 186, 751),
(63, 191, 752),
(63, 203, 753),
(63, 209, 754),
(63, 214, 755),
(63, 217, 756),
(64, 19, 757),
(64, 222, 758),
(64, 71, 759),
(64, 79, 760),
(64, 80, 761),
(64, 81, 762),
(64, 82, 763),
(64, 83, 764),
(64, 21, 765),
(64, 166, 766),
(64, 87, 767),
(64, 27, 768),
(64, 173, 769),
(64, 182, 770),
(64, 110, 771),
(64, 117, 772),
(64, 187, 773),
(64, 192, 774),
(64, 197, 775),
(64, 205, 776),
(64, 208, 777),
(64, 209, 778),
(64, 215, 779),
(64, 220, 780),
(65, 70, 781),
(65, 165, 782),
(65, 181, 783),
(65, 110, 784),
(65, 117, 785),
(65, 186, 786),
(65, 191, 787),
(65, 203, 788),
(65, 209, 789),
(65, 214, 790),
(65, 217, 791),
(66, 19, 792),
(66, 222, 793),
(66, 71, 794),
(66, 79, 795),
(66, 83, 796),
(66, 21, 797),
(66, 165, 798),
(66, 87, 799),
(66, 28, 800),
(66, 170, 801),
(66, 181, 802),
(66, 110, 803),
(66, 115, 804),
(66, 119, 805),
(66, 186, 806),
(66, 191, 807),
(66, 203, 808),
(66, 207, 809),
(66, 209, 810),
(66, 214, 811),
(66, 217, 812),
(67, 70, 813),
(67, 165, 814),
(67, 181, 815),
(67, 110, 816),
(67, 117, 817),
(67, 186, 818),
(67, 191, 819),
(67, 203, 820),
(67, 209, 821),
(67, 214, 822),
(67, 217, 823),
(68, 18, 824),
(68, 70, 825),
(68, 20, 826),
(68, 153, 827),
(68, 154, 828),
(68, 167, 829),
(68, 87, 830),
(68, 27, 831),
(68, 170, 832),
(68, 182, 833),
(68, 113, 834),
(68, 115, 835),
(68, 116, 836),
(68, 119, 837),
(68, 188, 838),
(68, 194, 839),
(68, 204, 840),
(68, 208, 841),
(68, 212, 842),
(68, 215, 843),
(68, 219, 844),
(69, 70, 845),
(69, 165, 846),
(69, 181, 847),
(69, 110, 848),
(69, 117, 849),
(69, 186, 850),
(69, 191, 851),
(69, 203, 852),
(69, 209, 853),
(69, 214, 854),
(69, 217, 855),
(78, 19, 856),
(78, 222, 857),
(78, 71, 858),
(78, 79, 859),
(78, 80, 860),
(78, 81, 861),
(78, 82, 862),
(78, 83, 863),
(78, 21, 864),
(78, 167, 865),
(78, 87, 866),
(78, 27, 867),
(78, 173, 868),
(78, 182, 869),
(78, 110, 870),
(78, 117, 871),
(78, 188, 872),
(78, 192, 873),
(78, 197, 874),
(78, 203, 875),
(78, 208, 876),
(78, 209, 877),
(78, 215, 878),
(78, 219, 879),
(80, 19, 902),
(80, 222, 903),
(80, 71, 904),
(80, 79, 905),
(80, 80, 906),
(80, 81, 907),
(80, 82, 908),
(80, 83, 909),
(80, 21, 910),
(80, 167, 911),
(80, 87, 912),
(80, 27, 913),
(80, 173, 914),
(80, 182, 915),
(80, 188, 916),
(80, 192, 917),
(80, 197, 918),
(80, 208, 919),
(80, 209, 920),
(80, 215, 921),
(80, 219, 922),
(81, 19, 923),
(81, 70, 924),
(81, 165, 925),
(81, 181, 926),
(81, 110, 927),
(81, 117, 928),
(81, 186, 929),
(81, 191, 930),
(81, 203, 931),
(81, 209, 932),
(81, 214, 933),
(81, 217, 934),
(82, 19, 935),
(82, 222, 936),
(82, 71, 937),
(82, 79, 938),
(82, 80, 939),
(82, 81, 940),
(82, 82, 941),
(82, 83, 942),
(82, 21, 943),
(82, 167, 944),
(82, 87, 945),
(82, 27, 946),
(82, 173, 947),
(82, 182, 948),
(82, 188, 949),
(82, 192, 950),
(82, 197, 951),
(82, 203, 952),
(82, 208, 953),
(82, 209, 954),
(82, 215, 955),
(82, 219, 956),
(84, 17, 957),
(84, 20, 958),
(84, 155, 959),
(84, 157, 960),
(84, 167, 961),
(84, 87, 962),
(84, 28, 963),
(84, 170, 964),
(84, 171, 965),
(84, 181, 966),
(84, 112, 967),
(84, 115, 968),
(84, 118, 969),
(84, 187, 970),
(84, 192, 971),
(84, 197, 972),
(84, 203, 973),
(84, 207, 974),
(84, 211, 975),
(84, 215, 976),
(84, 220, 977),
(87, 18, 978),
(87, 21, 979),
(87, 167, 980),
(87, 87, 981),
(87, 28, 982),
(87, 170, 983),
(87, 181, 984),
(87, 115, 985),
(87, 120, 986),
(87, 187, 987),
(87, 191, 988),
(87, 196, 989),
(87, 204, 990),
(87, 206, 991),
(87, 213, 992),
(87, 215, 993),
(87, 220, 994);

-- --------------------------------------------------------

--
-- Estructura de tabla para la tabla `respuestas`
--

CREATE TABLE `respuestas` (
  `id_respuesta` int(100) NOT NULL,
  `descripcion` varchar(255) COLLATE utf8_spanish_ci NOT NULL,
  `id_pregunta` int(100) NOT NULL,
  `Puntuacion` int(11) DEFAULT NULL,
  `Anotacion` longtext COLLATE utf8_spanish_ci NOT NULL
) ENGINE=InnoDB DEFAULT CHARSET=utf8 COLLATE=utf8_spanish_ci;

--
-- Volcado de datos para la tabla `respuestas`
--

INSERT INTO `respuestas` (`id_respuesta`, `descripcion`, `id_pregunta`, `Puntuacion`, `Anotacion`) VALUES
(17, 'No tengo ninguno.', 6, 0, 'A no ser que vivas en una zona extremadamente cálida (las Islas Canarias) la carencia de cualquier sistema de calefacción indica un serio problema de pobreza energética.   La pobreza energética es una lacra de nuestra sociedad que debe ser combatida. Aquí tienes ideas para encontrar soluciones, para tí o para otras personas. '),
(18, 'Tengo alguna estufa o calefactor móvil', 6, 2, 'En climas suaves (Costas del sur y Levante y las islas) uno o dos elementos móviles de calefacción bien usados pueden ser suficientes. En climas más duros, esa escasez de elementos calefactores puede indicar un problema de pobreza energética.    La pobreza energética es una lacra de nuestra sociedad que debe ser combatida. Aquí tienes ideas para encontrar soluciones, para tí o para otras personas. '),
(19, 'Tengo un sistema de calefacción con radiadores fijos', 6, 0, ''),
(20, 'Sí', 7, 9, 'El aire acondicionado de compresor puede ser una necesidad en determinadas situaciones, pero debería ser usado con parsimonia. Hay muchas soluciones para refrescar nuestra casa mucho más baratas y muy eficaces. NOTA: no instales el compresor del aire acondicionado en el patio de ventilación de tu edificio. Debe ser instalado en la azotea o el tejado. ¡No conviertas la vida de tus vecinos en una cálida y ruidosa pesadilla!'),
(21, 'No', 7, 0, 'Existen infinidad de soluciones para refrigerar nuestra casa en los meses de canícula sin necesidad de gastar dinero en una costosa instalación de aire acondicionado. Refrescar la casa al amanecer, evitar la entrada del sol, usar ventiladores y evaporadores, son algunas de ellas.'),
(27, 'Sí', 10, -1, 'Cuantas más “Aes” y más “+” tengan tus aparatos, menor será tu huella energética. Eso sin contar el ahorro de dinero en la factura de la luz.'),
(28, 'No', 10, 1, 'Si ninguno de tus electromésticos tiene etiqueta energética clase A, comienza por el frigorífico. Si no es clase “A” o no tiene etiqueta energética de ninguna clase, lo más seguro es que sea un modelo antiguo que está derrochando energía las 24 horas del día. Si es de tamaño estándar te saldrá a cuenta cambiarlo por un modelo clase A+++ y si es posible de tamaño menor. Lo amortizarás en cuatro o cinco años.'),
(29, 'No lo sé.', 10, 1, 'Si ninguno de tus electromésticos tiene etiqueta energética clase A, comienza por el frigorífico. Si no es clase “A” o no tiene etiqueta energética de ninguna clase, lo más seguro es que sea un modelo antiguo que está derrochando energía las 24 horas del día. Si es de tamaño estándar te saldrá a cuenta cambiarlo por un modelo clase A+++ y si es posible de tamaño menor. Lo amortizarás en cuatro o cinco años.'),
(69, 'Individual, solo para mi vivienda.', 24, 7, 'Un sistema de calefacción individual te permite un control absoluto del gasto. Podrás ahorrar mucho dinero y energía si mejoras el aislamiento de tu vivienda.'),
(70, '1 o 2', 25, 1, 'Recuerda que es obligatoria la instalación de repartidores de gastos de calefacción en todos los radiadores de las viviendas con calefacción central. Consisten en termostatos y reguladores que se añaden a los radiadores ya existentes (lo que puede no ser fácil en modelos viejos). Eso implica que pagarás el calor que consumas de verdad, no una estimación a prorrateo.'),
(71, '3 a 5', 25, 2, 'Recuerda que es obligatoria la instalación de repartidores de gastos de calefacción en todos los radiadores de las viviendas con calefacción central. Consisten en termostatos y reguladores que se añaden a los radiadores ya existentes (lo que puede no ser fácil en modelos viejos). Eso implica que pagarás el calor que consumas de verdad, no una estimación a prorrateo.'),
(72, '6 o más ', 25, 3, 'Recuerda que es obligatoria la instalación de repartidores de gastos de calefacción en todos los radiadores de las viviendas con calefacción central. Consisten en termostatos y reguladores que se añaden a los radiadores ya existentes (lo que puede no ser fácil en modelos viejos). Eso implica que pagarás el calor que consumas de verdad, no una estimación a prorrateo.'),
(75, 'julio', 27, 0, 'La temporada oficial de encendido de calefacciones la fijan los ayuntamientos, y suele ir de octubre a abril. O vives en una zona de alta montaña extremadamente fría, o eres realmente friolero…'),
(76, 'Agosto', 27, 0, 'La temporada oficial de encendido de calefacciones la fijan los ayuntamientos, y suele ir de octubre a abril. O vives en una zona de alta montaña extremadamente fría, o eres realmente friolero…'),
(77, 'Septiembre', 27, 0, 'La temporada oficial de encendido de calefacciones la fijan los ayuntamientos, y suele ir de octubre a abril. O vives en una zona de alta montaña extremadamente fría, o eres realmente friolero…'),
(78, 'Octubre', 27, 0, ''),
(79, 'Noviembre', 27, 0, ''),
(80, 'Diciembre ', 27, 0, ''),
(81, 'Enero', 27, 0, ''),
(82, 'Febrero', 27, 0, ''),
(83, 'Marzo', 27, 0, ''),
(84, 'Abril', 27, 0, ''),
(85, 'Mayo', 27, 0, 'La temporada oficial de encendido de calefacciones la fijan los ayuntamientos, y suele ir de octubre a abril. O vives en una zona de alta montaña extremadamente fría, o eres realmente friolero…'),
(86, 'Junio', 27, 0, 'La temporada oficial de encendido de calefacciones la fijan los ayuntamientos, y suele ir de octubre a abril. O vives en una zona de alta montaña extremadamente fría, o eres realmente friolero…'),
(87, 'Si', 9, -2, 'Si no lo has hecho todavía, es el momento de mejorar el aislamiento de tu casa. Dispones de soluciones adaptadas a todas las necesidades y para todos los bolsillos.'),
(88, 'No', 9, 2, 'Las ventanas de tu casa son sumideros por donde se escapa la energía que tan cara te cuesta. Pero tranquilo, que hay soluciones. Si no puedes llegar a instalar dobles ventanas o dobles cristales, un poco de bricolage impedirá las peores fugas.'),
(110, '1', 33, 2, 'No hagas mucho caso de la publicidad de coches ecológicos. El principal factor que determina el consumo del vehículo es el tamaño: coche pequeño, coche economizador y menos contaminador.'),
(111, '2', 33, 4, 'No hagas mucho caso de la publicidad de coches ecológicos. El principal factor que determina el consumo del vehículo es el tamaño: coche pequeño, coche economizador y menos contaminador.'),
(112, '3', 33, 4, '¿Has pensado en pasarte a la movilidad eléctrica? Cada vez hay más modelos y a mejores precios.'),
(113, '4', 33, 4, 'Es evidente que para tí el coche no un mero medio de transporte, sino algo más. Te chiflan los SUV, los todocaminos, los motores de 400 cv y los cromados. Todo eso está muy bien, siempre que uses tu súpervehículo fuera de la ciudad.  Recuerda que tu huella ecológica se dispara si usas un cochazo para tu movimiento cotidiano.'),
(114, '5', 33, 8, 'Es evidente que para tí el coche no un mero medio de transporte, sino algo más. Te chiflan los SUV, los todocaminos, los motores de 400 cv y los cromados. Todo eso está muy bien, siempre que uses tu súpervehículo fuera de la ciudad.  Recuerda que tu huella ecológica se dispara si usas un cochazo para tu movimiento cotidiano.'),
(115, 'Sí, es un eléctrico', 34, -3, 'Tu coche es eléctrico o híbrido. Enhorabuena, acabas de dar un gran paso para reducir tu huella ecológica. '),
(116, 'Sí, lo compré hace más de diez años.\r\n', 35, 2, 'Intenta usar tu viejo coche los menos posible, es una verdadera fábrica de contaminantes. '),
(117, '1', 36, 3, 'Te gusta ir solo en tu coche, disfrutando de la intimidad de tu salón privado con ruedas en mitad del atasco. Habría menos atascos si lo compartieras, por cierto. Ir solo en tu coche multiplica tu huella ecológica.'),
(118, '2', 36, 1, 'Compartes tu coche con regularidad, puedes hacerlo con más frecuencia y más seguridad utilizado estas apps.'),
(119, '3', 36, 1, 'Compartes tu coche con regularidad, puedes hacerlo con más frecuencia y más seguridad utilizado estas apps.'),
(120, '4', 36, 1, 'Compartes tu coche con regularidad, puedes hacerlo con más frecuencia y más seguridad utilizado estas apps.'),
(121, '5', 36, -1, 'Eres aficionado a compartir tu coche, ¿has pensado afiliarte a un sistema de coche compartido o “car sharing”?'),
(153, 'Enero', 45, 0, 'Eres un verdadero aficionado al aire acondicionado. Seguro que, cuando no hace mucho calor, puedes otras otras soluciones para refrigerar tu casa más baratas y de de huella ecológica mucho más reducida (ejemplo: un simple ventilador).'),
(154, 'Febrero', 45, 0, 'Eres un verdadero aficionado al aire acondicionado. Seguro que, cuando no hace mucho calor, puedes otras otras soluciones para refrigerar tu casa más baratas y de de huella ecológica mucho más reducida (ejemplo: un simple ventilador).'),
(155, 'Marzo', 45, 0, 'Eres un verdadero aficionado al aire acondicionado. Seguro que, cuando no hace mucho calor, puedes otras otras soluciones para refrigerar tu casa más baratas y de de huella ecológica mucho más reducida (ejemplo: un simple ventilador).'),
(156, 'Abril', 45, 0, 'Eres un verdadero aficionado al aire acondicionado. Seguro que, cuando no hace mucho calor, puedes otras otras soluciones para refrigerar tu casa más baratas y de de huella ecológica mucho más reducida (ejemplo: un simple ventilador).'),
(157, 'Mayo', 45, 0, 'Eres un verdadero aficionado al aire acondicionado. Seguro que, cuando no hace mucho calor, puedes otras otras soluciones para refrigerar tu casa más baratas y de de huella ecológica mucho más reducida (ejemplo: un simple ventilador).'),
(158, 'Junio', 45, 0, ''),
(159, 'Julio', 45, 0, ''),
(160, 'Agosto', 45, 0, ''),
(161, 'Septiembre', 45, 0, ''),
(162, 'Octubre', 45, 0, 'Eres un verdadero aficionado al aire acondicionado. Seguro que, cuando no hace mucho calor, puedes otras otras soluciones para refrigerar tu casa más baratas y de de huella ecológica mucho más reducida (ejemplo: un simple ventilador).'),
(163, 'Noviembre', 45, 0, 'Eres un verdadero aficionado al aire acondicionado. Seguro que, cuando no hace mucho calor, puedes otras otras soluciones para refrigerar tu casa más baratas y de de huella ecológica mucho más reducida (ejemplo: un simple ventilador).'),
(164, 'Diciembre', 45, 0, 'Eres un verdadero aficionado al aire acondicionado. Seguro que, cuando no hace mucho calor, puedes otras otras soluciones para refrigerar tu casa más baratas y de de huella ecológica mucho más reducida (ejemplo: un simple ventilador).'),
(165, '1', 8, 3, 'En esto del clima, te gusta ir a contracorriente. Lo malo es que estás tirando el dinero, derrochando energía y contribuyendo directamente al calentamiento global. Y también hinchando desmesuradamente el tamaño de tu huella ecológica.'),
(166, '2', 8, 1, 'En esto del clima, te gusta ir a contracorriente. Lo malo es que estás tirando el dinero, derrochando energía y contribuyendo directamente al calentamiento global. Y también hinchando desmesuradamente el tamaño de tu huella ecológica.'),
(167, '3', 8, 1, '¿Sabías que puedes reducir sustancialmente tu factura de calefacción y aire acondicionado con acciones sencillas, muchas de ellas sin coste?'),
(168, '4', 8, 1, 'Tu habilidoso comportamiento con la climatización contribuye a reducir tu huella ecológica y también te hace ahorrar mucho dinero.'),
(169, '5', 8, -2, 'Tu habilidoso comportamiento con la climatización contribuye a reducir tu huella ecológica y también te hace ahorrar mucho dinero.'),
(170, 'Coche.', 11, 6, 'El coche de motor de combustión es la opción más cara y más contaminante que existe para el transporte. Investiga otras opciones si quieres reducir el tamaño de tu huella ecológica y mejorar la vida de tus vecinos (por ejemplo, dejando de envenenarles con los gases que salen del tubo de escapa de tu vehículo).'),
(171, 'Moto.', 11, 3, 'La moto (mejor si es pequeña y mejor todavía si es eléctrica) es una opción menos mala para el transporte: ocupa menos espacio y contamina menos. Recuerda: ¡Cuidado con el ruido!'),
(172, 'Otros vehículos urbanos: segway, urban wheel, patinete eléctrico, etc.', 11, 1, 'Eres un pionero usando uno de los llamados VLUEs (Vehículo Ligero Urbano Eléctrico). Son una novedad, pero van a triunfar. Máxima movilidad con el mínimo peso y espacio ocupado.'),
(173, 'Metro, tren o autobús.', 11, 1, 'Utilizas la mejor opción de transporte, la más barata y menos contaminante. Sácale todo el partido al transporte público: consulta su disponibilidad de horarios y servicios. Lo más sencillo es usar Google Maps, haz clic en el botón “Cómo llegar” y en el icono de transporte público.'),
(174, 'Voy en bicicleta.', 11, 0, 'Usando la bicicleta para tu movilidad cotidiana, ahorras mucho dinero, no molestas a nadie con ruido, humos y ocupación de la vía pública y además tu salud mejora notablemente. Sin duda, la bicicleta es el vehículo del futuro en la ciudad.'),
(175, 'Camino.', 11, 0, 'Caminar no es una excentricidad, es otra opción para la movilidad en las ciudades. Al igual que en el caso de la bicicleta, ahorras mucho dinero, ni molestas a nadie con ruido, humos y ocupación de la vía pública y además tu salud mejora notablemente. Y no necesitas comprar ningún vehículo: eres tú mismo.'),
(181, 'Menos de 10 minutos.', 12, 0, ''),
(182, 'De 10 a 30 minutos.', 12, 1, ''),
(183, 'De media a una hora.', 12, 2, ''),
(184, 'Más de una hora.', 12, 3, ''),
(186, '1', 13, -1, 'Eres de los que disfrutan yendo a la compra a diario, seguramente conoces todas las tiendas de tu barrio. Es una manera estupenda de comprar, tiras menos comida porque acumulas menos y encuentras oportunidades en precio y calidad imposibles de descubrir de otra manera.'),
(187, '2', 13, 1, 'Ir a la compra con frecuencia y en tiendas próximas a tu domicilio estimula el comercio local y te permite ahorrar dinero y buscar las mejores calidades de los productos.'),
(188, '3', 13, 1, 'Ir a la compra con frecuencia y en tiendas próximas a tu domicilio estimula el comercio local y te permite ahorrar dinero y buscar las mejores calidades de los productos.'),
(189, '4', 13, 1, 'Ir a la compra con frecuencia y en tiendas próximas a tu domicilio estimula el comercio local y te permite ahorrar dinero y buscar las mejores calidades de los productos.'),
(190, '5', 13, 3, 'Tu pauta de ir a la compra es abrupta: una vez cada varias semanas, coges el coche, conduces hasta el centro comercial y llenas varios carritos hasta los topes. Tienes un arcón congelador de gran capacidad y un frigorífico de dos puertas, pero eso no evita que la posibilidad de que tengas que tirar comida sea mayor que si hicieras la compra con más frecuencia.'),
(191, 'No hay plantas en mi casa.', 14, 0, 'Una cosa es ahorrar agua, y otra no tener ni una triste planta en casa. Las plantas alegran la vista, purifican el aire y amortiguan la temperatura. Tener un par de macetas no cuesta nada y no ocupa sitio.'),
(192, 'Unas pocas macetas.', 14, 1, 'Como la mayoría de los seres humanos, disfrutas de las plantas, ya sea en algunas macetas o en un pequeño jardín. Recuerda que el consumo de agua de una casa está en relación directa con la cantidad de plantas que cuidas: practica el riego economizador.'),
(193, 'Tengo algunas jardineras.', 14, 7, 'Como la mayoría de los seres humanos, disfrutas de las plantas, ya sea en algunas macetas o en un pequeño jardín. Recuerda que el consumo de agua de una casa está en relación directa con la cantidad de plantas que cuidas: practica el riego economizador.'),
(194, 'Un jardincito.', 14, 10, 'Como la mayoría de los seres humanos, disfrutas de las plantas, ya sea en algunas macetas o en un pequeño jardín. Recuerda que el consumo de agua de una casa está en relación directa con la cantidad de plantas que cuidas: practica el riego economizador.'),
(195, 'Disfruto de un gran jardín con césped.', 14, 15, 'Tienes un hermoso jardín, pero también un problema de derrroche de agua si no has instalado ya un sistema de riego por goteo y algún temporizador. Infórmate aquí. Si de verdad tienes césped inglés y en tu región no llueve los bastante para mantenerlo fresco de manera natural, prueba a cubrir el terreno con plantas autóctonas.'),
(196, 'Si', 15, -5, ''),
(197, 'No', 15, 7, 'Ya estás tardando para ir a tu proveedor de habitual de útiles de jardinería para contratar algún sistema de riego economizador, apropiado para el tamaño de tu vergel. Ahorrarás agua y algo de dinero, pero lo principal es que alejarás la amenaza de una posible sequía.'),
(203, 'Ninguno', 16, 3, 'La ausencia de elementos economizadores de agua en la fontanería de tu casa te está haciendo perder dinero y lo peor de todo, derrochar inútilmente gran cantidad de agua potable valiosa. '),
(204, 'Uno', 16, 1, 'La ausencia de elementos economizadores de agua en la fontanería de tu casa te está haciendo perder dinero y lo peor de todo, derrochar inútilmente gran cantidad de agua potable valiosa. '),
(205, 'Varios', 16, -2, 'Enhorabuena, parece que tienes controlada la fontanería de tu casa con la instalación de varios artilugios economizadores de agua. No olvides hacer un uso prudente del WC, el principal elemento de consumo de agua en una casa. '),
(206, 'Si', 17, 1, 'No te gustan las calaveras ni los peces muertos en las etiquetas de los productos de limpieza o bricolage que compras. Es una buena costumbre, porque todo lo que es tóxico para el medio ambiente también lo es para tí. '),
(207, 'No', 17, 3, 'No te preocupa demasiado la composición de los productos de limpieza y bricolaje que compras. Deberías reducir la adquisición de limpiadores y quitagrasas muy agresivos, insecticidas tóxicos, etc.'),
(208, 'Nunca me he fijado.', 17, 2, 'Si no te fijabas en los símbolos de productos peligrosos, aquí tienes los nueve usados oficialmente. Intenta evitar los productos que los lleven en su etiqueta. '),
(209, '1', 18, 9, 'Eres adicto a la carne, lo cual no es bueno para nadie. Resulta muy cara (es el principal gasto en comida, en España), no es bueno comerla en exceso y dispara tu huella ecológica. Producir carne es un importante contribuyente al calentamiento global. '),
(210, '2', 18, 5, 'Como la mayoría de la gente combinas la carne con las verduras para obtener una dieta sana. Reducir tu consumo de carne te permitirá comprarla de mejor calidad y reducir mucho tu huella ecológica. Utiliza las recetas tradicionales para hacer sabrosos guisos con una proporción de carne / vegetales adecuada (por ejemplo, 25% de carne y 75% de vegetales)'),
(211, '3', 18, 5, 'Como la mayoría de la gente combinas la carne con las verduras para obtener una dieta sana. Reducir tu consumo de carne te permitirá comprarla de mejor calidad y reducir mucho tu huella ecológica. Utiliza las recetas tradicionales para hacer sabrosos guisos con una proporción de carne / vegetales adecuada (por ejemplo, 25% de carne y 75% de vegetales)'),
(212, '4', 18, 5, 'Como la mayoría de la gente combinas la carne con las verduras para obtener una dieta sana. Reducir tu consumo de carne te permitirá comprarla de mejor calidad y reducir mucho tu huella ecológica. Utiliza las recetas tradicionales para hacer sabrosos guisos con una proporción de carne / vegetales adecuada (por ejemplo, 25% de carne y 75% de vegetales)'),
(213, '5', 18, 2, 'Tu opción, el veganismo, es la de cada vez más gente. Indudablemente es la que tiene una huella ecológica más reducida. '),
(214, 'Ninguna.', 19, 7, 'Sinceramente, te faltan algunas habilidades para ser un buen vecino. No te importa mezclar todos los residuos de tu casa en la misma bolsa y tirarla al contenedor más próximo (esperemos que no la dejes en la calle). Así multiplicas tu huella ecológica, al convertir una potencial colección de residuos separados valiosos (de plástico, vidrio, papel, etc.), en basura mezclada sin valor. '),
(215, 'Una o dos.', 19, 3, 'Algo sí separas, por ejemplo, el papel y cartón o el vidrio. No seas gumia y añade más contenedores de separación, hasta tener la colección completa: papel, vidrio, envases ligeros, materia orgánica y otros especiales (pilas, lámparas, etc.) '),
(216, 'Tres o cuatro.', 19, 1, 'Enhorabuena, se te da bien eso de la separación doméstica de residuos. Aprende más trucos para separar mejor todavía aquí. '),
(217, '1', 20, 2, 'Tu hábito de comprar la comida fresca y sin envasar te permite ahorrar mucho dinero, producir muchos menos residuos y alimentarte de la manera más sana posible. '),
(218, '2', 20, 4, 'Combinas la compra de alimentos frescos con la de empaquetados, como hacemos todos. Podrás aumentar la proporción de productos frescos si te acostumbras a cocinar con más frecuencia. Ten cuidado que cocinar se puede convertir en un vicio adictivo.'),
(219, '3', 20, 4, 'Combinas la compra de alimentos frescos con la de empaquetados, como hacemos todos. Podrás aumentar la proporción de productos frescos si te acostumbras a cocinar con más frecuencia. Ten cuidado que cocinar se puede convertir en un vicio adictivo.'),
(220, '4', 20, 4, 'Combinas la compra de alimentos frescos con la de empaquetados, como hacemos todos. Podrás aumentar la proporción de productos frescos si te acostumbras a cocinar con más frecuencia. Ten cuidado que cocinar se puede convertir en un vicio adictivo.'),
(221, '5', 20, 6, 'Compro comida procesada y empaquetada Tu idea de una cena es colocar dentro del microondas algo que has sacado de una caja y esperar unos minutos. Lo malo es que esa costumbre sale muy cara, es muy insana y multiplica tu huella ecológica. Prueba a comprar algo fresco de vez en cuando y cómprate un recetario de cocina. '),
(222, 'Central, común para todo el edificio.', 24, 5, 'Un sistema de calefacción individual te permite un control absoluto del gasto. Podrás ahorrar mucho dinero y energía si mejoras el aislamiento de tu casa.');

--
-- Índices para tablas volcadas
--

--
-- Indices de la tabla `bloques`
--
ALTER TABLE `bloques`
  ADD PRIMARY KEY (`id_bloque`);

--
-- Indices de la tabla `dependenciapregunta_respuesta`
--
ALTER TABLE `dependenciapregunta_respuesta`
  ADD PRIMARY KEY (`id`),
  ADD KEY `id_Pregunta` (`id_Pregunta`),
  ADD KEY `id_Respuesta` (`id_Respuesta`);

--
-- Indices de la tabla `nacionalidadespanola`
--
ALTER TABLE `nacionalidadespanola`
  ADD KEY `id_persona` (`id_provincia`);

--
-- Indices de la tabla `persona`
--
ALTER TABLE `persona`
  ADD PRIMARY KEY (`id_persona`);

--
-- Indices de la tabla `preguntas`
--
ALTER TABLE `preguntas`
  ADD PRIMARY KEY (`id_pregunta`),
  ADD KEY `id_bloque` (`id_bloque`);

--
-- Indices de la tabla `relacion_persona_respuesta`
--
ALTER TABLE `relacion_persona_respuesta`
  ADD PRIMARY KEY (`id`),
  ADD KEY `id_persona` (`id_persona`),
  ADD KEY `id_respuesta` (`id_respuesta`);

--
-- Indices de la tabla `respuestas`
--
ALTER TABLE `respuestas`
  ADD PRIMARY KEY (`id_respuesta`),
  ADD KEY `id_pregunta` (`id_pregunta`);

--
-- AUTO_INCREMENT de las tablas volcadas
--

--
-- AUTO_INCREMENT de la tabla `bloques`
--
ALTER TABLE `bloques`
  MODIFY `id_bloque` int(100) NOT NULL AUTO_INCREMENT, AUTO_INCREMENT=6;
--
-- AUTO_INCREMENT de la tabla `dependenciapregunta_respuesta`
--
ALTER TABLE `dependenciapregunta_respuesta`
  MODIFY `id` int(11) NOT NULL AUTO_INCREMENT, AUTO_INCREMENT=12;
--
-- AUTO_INCREMENT de la tabla `nacionalidadespanola`
--
ALTER TABLE `nacionalidadespanola`
  MODIFY `id_provincia` int(11) NOT NULL AUTO_INCREMENT, AUTO_INCREMENT=22;
--
-- AUTO_INCREMENT de la tabla `persona`
--
ALTER TABLE `persona`
  MODIFY `id_persona` int(100) NOT NULL AUTO_INCREMENT, AUTO_INCREMENT=89;
--
-- AUTO_INCREMENT de la tabla `preguntas`
--
ALTER TABLE `preguntas`
  MODIFY `id_pregunta` int(100) NOT NULL AUTO_INCREMENT, AUTO_INCREMENT=46;
--
-- AUTO_INCREMENT de la tabla `relacion_persona_respuesta`
--
ALTER TABLE `relacion_persona_respuesta`
  MODIFY `id` int(11) NOT NULL AUTO_INCREMENT, AUTO_INCREMENT=995;
--
-- AUTO_INCREMENT de la tabla `respuestas`
--
ALTER TABLE `respuestas`
  MODIFY `id_respuesta` int(100) NOT NULL AUTO_INCREMENT, AUTO_INCREMENT=223;
--
-- Restricciones para tablas volcadas
--

--
-- Filtros para la tabla `dependenciapregunta_respuesta`
--
ALTER TABLE `dependenciapregunta_respuesta`
  ADD CONSTRAINT `dependenciapregunta_respuesta_ibfk_1` FOREIGN KEY (`id_Pregunta`) REFERENCES `preguntas` (`id_pregunta`) ON DELETE CASCADE ON UPDATE CASCADE,
  ADD CONSTRAINT `dependenciapregunta_respuesta_ibfk_2` FOREIGN KEY (`id_Respuesta`) REFERENCES `respuestas` (`id_respuesta`) ON DELETE CASCADE ON UPDATE CASCADE;

--
-- Filtros para la tabla `preguntas`
--
ALTER TABLE `preguntas`
  ADD CONSTRAINT `preguntas_ibfk_1` FOREIGN KEY (`id_bloque`) REFERENCES `bloques` (`id_bloque`) ON DELETE CASCADE ON UPDATE CASCADE;

--
-- Filtros para la tabla `relacion_persona_respuesta`
--
ALTER TABLE `relacion_persona_respuesta`
  ADD CONSTRAINT `relacion_persona_respuesta_ibfk_1` FOREIGN KEY (`id_persona`) REFERENCES `persona` (`id_persona`),
  ADD CONSTRAINT `relacion_persona_respuesta_ibfk_2` FOREIGN KEY (`id_respuesta`) REFERENCES `respuestas` (`id_respuesta`);

--
-- Filtros para la tabla `respuestas`
--
ALTER TABLE `respuestas`
  ADD CONSTRAINT `respuestas_ibfk_1` FOREIGN KEY (`id_pregunta`) REFERENCES `preguntas` (`id_pregunta`) ON DELETE CASCADE ON UPDATE CASCADE;

/*!40101 SET CHARACTER_SET_CLIENT=@OLD_CHARACTER_SET_CLIENT */;
/*!40101 SET CHARACTER_SET_RESULTS=@OLD_CHARACTER_SET_RESULTS */;
/*!40101 SET COLLATION_CONNECTION=@OLD_COLLATION_CONNECTION */;
